{"dim_feature": 2, "dim_rnns": [128, 64], "dropout_rate": 0.0, "history_errs": [24.581558227539062, 26.314149856567383, 26.946435928344727, 28.028656005859375, 27.709800720214844, 27.43935203552246, 27.566425323486328, 27.993452072143555, 27.7171630859375, 27.3812255859375, 26.944576263427734, 26.41263198852539, 25.391889572143555, 25.527973175048828, 25.548799514770508, 25.258813858032227, 24.881010055541992, 25.516633987426758, 24.96135711669922, 24.542518615722656, 23.915769577026367, 23.895244598388672, 24.006484985351562, 23.742694854736328, 24.148008346557617, 23.48174285888672, 23.141237258911133, 23.268892288208008, 23.77915382385254, 22.850404739379883, 23.133304595947266, 22.939382553100586, 23.039335250854492, 22.67317771911621]}