{"dim_feature": 2, "dim_rnns": [128, 64], "dropout_rate": 0.0, "history_errs": [23.67413330078125, 27.930212020874023, 28.257511138916016, 28.5217342376709, 28.570709228515625, 28.569637298583984, 28.490859985351562, 28.59615135192871, 28.709957122802734, 28.435213088989258, 28.13847541809082, 27.02725601196289, 26.729236602783203, 26.775842666625977, 26.265840530395508, 26.313562393188477, 25.594226837158203, 25.576311111450195, 25.023475646972656, 25.264793395996094, 25.345829010009766, 24.83620834350586, 23.650177001953125, 24.216459274291992, 24.428190231323242, 24.329904556274414, 25.555057525634766, 24.46019172668457, 24.08199119567871, 23.51499366760254, 23.07573127746582, 24.31905746459961, 25.09199333190918, 23.42966079711914, 23.915706634521484, 23.15048599243164, 22.925933837890625, 24.088939666748047, 24.554977416992188, 23.427610397338867, 22.04048728942871]}