{"dim_feature": 2, "dim_rnns": [128, 64], "dropout_rate": 0.0, "history_errs": [24.581558227539062, 26.314149856567383, 26.946435928344727, 28.028656005859375, 27.709800720214844, 27.43935203552246, 27.566425323486328, 27.993452072143555, 27.7171630859375, 27.3812255859375, 26.944576263427734, 26.41263198852539, 25.391889572143555, 25.527973175048828, 25.548799514770508, 25.258813858032227, 24.881010055541992, 25.516633987426758, 24.96135711669922, 24.542518615722656, 23.915769577026367, 23.895244598388672, 24.006484985351562, 23.742694854736328, 24.148008346557617, 23.48174285888672, 23.141237258911133, 23.268892288208008, 23.77915382385254, 22.850404739379883, 23.133304595947266, 22.939382553100586, 23.039335250854492, 22.67317771911621, 23.474632263183594, 23.045215606689453, 22.818279266357422, 22.939285278320312, 23.071796417236328, 23.34772300720215, 22.781997680664062, 22.786582946777344, 23.08133316040039, 23.130979537963867, 23.314064025878906, 22.805051803588867, 23.097509384155273, 23.139535903930664, 22.470611572265625, 22.97269630432129, 22.783756256103516, 22.937252044677734, 23.082042694091797, 22.757709503173828, 23.339223861694336, 22.518661499023438, 22.8160343170166, 23.35700225830078, 23.16501235961914, 23.102401733398438, 22.981868743896484, 23.143651962280273, 23.029884338378906, 22.830034255981445, 22.674232482910156, 23.721677780151367, 23.41006088256836, 23.552242279052734, 22.911712646484375, 23.126306533813477, 23.05460548400879, 23.11674690246582, 22.914636611938477, 23.59515380859375, 23.515382766723633, 24.192628860473633, 23.9339599609375, 23.492631912231445, 23.737581253051758, 24.409536361694336, 23.593570709228516, 24.913043975830078, 24.60453224182129, 24.913619995117188, 24.607955932617188, 25.288328170776367, 24.900787353515625, 25.004545211791992, 26.230567932128906, 25.139101028442383, 24.976215362548828, 25.027910232543945, 24.728031158447266, 25.273229598999023, 26.033069610595703, 25.74311065673828, 24.89399528503418, 25.357284545898438, 24.997089385986328, 24.89299964904785, 23.55424690246582, 23.409164428710938, 22.85013198852539, 23.201473236083984, 22.987937927246094, 23.7523193359375, 23.08927345275879, 23.331974029541016, 22.804506301879883, 23.22215461730957, 23.06047821044922, 23.277769088745117, 23.060623168945312, 23.266525268554688, 23.2294921875, 23.029144287109375, 22.75667381286621, 23.410829544067383, 23.3170108795166, 24.027034759521484, 23.211637496948242, 22.8572940826416, 23.67277717590332, 23.564762115478516, 23.69232177734375, 23.848777770996094, 23.299484252929688, 24.002866744995117, 23.481319427490234, 23.057872772216797, 24.344511032104492, 23.30261993408203, 24.240440368652344, 23.574037551879883, 23.47209930419922, 25.028844833374023, 25.689708709716797, 24.861019134521484, 24.450725555419922, 25.175872802734375, 25.471393585205078, 24.794954299926758, 25.911832809448242, 24.175533294677734, 24.148988723754883, 24.44870948791504, 24.132038116455078, 23.66187286376953, 25.578807830810547, 24.689022064208984, 24.07925796508789, 23.156675338745117, 23.213747024536133, 23.191246032714844, 23.30116844177246, 23.2041015625, 22.995107650756836, 22.73195457458496, 23.054153442382812, 23.199649810791016, 22.872331619262695, 23.1650447845459, 23.069202423095703, 23.264862060546875, 22.68694305419922, 23.76814079284668, 23.880170822143555, 24.208471298217773, 23.448251724243164, 23.468494415283203, 23.032154083251953, 24.346458435058594, 24.636131286621094, 23.37174415588379, 23.802661895751953, 24.09295654296875, 23.344985961914062, 24.301685333251953, 24.226730346679688, 23.864885330200195, 23.97389030456543, 23.835174560546875, 24.649181365966797, 24.04810905456543, 24.00487518310547, 24.18795394897461, 24.562355041503906, 24.249435424804688, 25.088092803955078, 23.978689193725586, 23.47270393371582, 25.213354110717773, 25.278905868530273, 24.938138961791992, 25.46083641052246, 25.651582717895508, 25.985170364379883, 24.35271644592285, 24.745311737060547, 26.00058937072754, 25.679410934448242, 23.75463104248047, 23.104135513305664, 23.083187103271484, 22.80323600769043, 22.864276885986328, 22.881853103637695, 22.995237350463867, 22.453821182250977]}