{"dim_feature": 2, "dim_rnns": [128, 64], "dropout_rate": 0.0, "history_errs": [23.67413330078125, 27.930212020874023, 28.257511138916016, 28.5217342376709, 28.570709228515625, 28.569637298583984, 28.490859985351562, 28.59615135192871, 28.709957122802734, 28.435213088989258, 28.13847541809082, 27.02725601196289, 26.729236602783203, 26.775842666625977, 26.265840530395508, 26.313562393188477, 25.594226837158203, 25.576311111450195, 25.023475646972656, 25.264793395996094, 25.345829010009766, 24.83620834350586, 23.650177001953125]}